-- --------------------------------------------------------
-- Host:                         127.0.0.1
-- Server version:               11.2.2-MariaDB - mariadb.org binary distribution
-- Server OS:                    Win64
-- HeidiSQL Version:             12.3.0.6589
-- --------------------------------------------------------

/*!40101 SET @OLD_CHARACTER_SET_CLIENT=@@CHARACTER_SET_CLIENT */;
/*!40101 SET NAMES utf8 */;
/*!50503 SET NAMES utf8mb4 */;
/*!40103 SET @OLD_TIME_ZONE=@@TIME_ZONE */;
/*!40103 SET TIME_ZONE='+00:00' */;
/*!40014 SET @OLD_FOREIGN_KEY_CHECKS=@@FOREIGN_KEY_CHECKS, FOREIGN_KEY_CHECKS=0 */;
/*!40101 SET @OLD_SQL_MODE=@@SQL_MODE, SQL_MODE='NO_AUTO_VALUE_ON_ZERO' */;
/*!40111 SET @OLD_SQL_NOTES=@@SQL_NOTES, SQL_NOTES=0 */;


-- Dumping database structure for library
CREATE DATABASE IF NOT EXISTS `library` /*!40100 DEFAULT CHARACTER SET utf8mb4 COLLATE utf8mb4_general_ci */;
USE `library`;

-- Dumping structure for table library.account
CREATE TABLE IF NOT EXISTS `account` (
  `Card Number` bigint(20) unsigned zerofill NOT NULL AUTO_INCREMENT,
  `Name` text NOT NULL,
  `Avatar` text NOT NULL,
  `Email` text NOT NULL,
  `Phone` bigint(20) unsigned zerofill NOT NULL,
  `Address` text NOT NULL,
  `Password` text NOT NULL,
  `Level` int(10) unsigned zerofill NOT NULL,
  `Status` char(10) NOT NULL,
  `Type` char(10) NOT NULL,
  `Time Create` datetime NOT NULL,
  PRIMARY KEY (`Card Number`)
) ENGINE=InnoDB AUTO_INCREMENT=33 DEFAULT CHARSET=utf8mb4 COLLATE=utf8mb4_general_ci;

-- Dumping data for table library.account: ~14 rows (approximately)
INSERT INTO `account` (`Card Number`, `Name`, `Avatar`, `Email`, `Phone`, `Address`, `Password`, `Level`, `Status`, `Type`, `Time Create`) VALUES
	(00000000000000000001, 'Tom', 'tom.com', 'tom.vn', 00000000000123413414, 'Hà Nội', '03ac674216f3e15c761ee1a5e255f067953623c8b388b4459e13f978d7c846f4', 0000000010, 'opend', 'user', '0001-01-01 00:00:00'),
	(00000000000000000002, 'Jery', 'bbbbb', 'jery.com', 00000463526345600000, 'Thái Bình', 'd7697570462f7562b83e81258de0f1e41832e98072e44c36ec8efec46786e24e', 0000000012, 'opend', 'user', '0001-01-01 00:00:00'),
	(00000000000000000003, 'TcCuongg', 'tccuong', 'tccuongg.com', 00000001434134555643, 'Yên Bái', 'fd5f56b40a79a385708428e7b32ab996a681080a166a2206e750eb4819186145', 0000000999, 'opend', 'admin', '0001-01-01 00:00:00'),
	(00000000000000000004, 'Mai', 'aaaaa', 'mai.com', 00000000000098765432, 'Hải Dương', '9af15b336e6a9619928537df30b2e6a2376569fcf9d7e773eccede65606529a0', 0000000010, 'opend', 'user', '0001-01-01 00:00:00'),
	(00000000000000000005, 'Lan', 'bbbb', 'lan.vn', 00000003456734567654, 'Hải Phòng', '0ffe1abd1a08215353c233d6e009613e95eec4253832a761af28ff37ac5a150c', 0000000000, 'close', 'user', '0001-01-01 00:00:00'),
	(00000000000000000006, 'Hoang', 'ccccc', 'hoang.vn', 00000000076543324567, 'Hòa Bình', 'cc399d73903f06ee694032ab0538f05634ff7e1ce5e8e50ac330a871484f34cf', 0000000011, 'opend', 'user', '0001-01-01 00:00:00'),
	(00000000000000000007, 'Dương', 'nnnn', 'duong.vn', 00000000007654334567, 'Yên Bình', '216e683ff0d2d25165b8bb7ba608c9a628ef299924ca49ab981ec7d2fecd6dad', 0000000013, 'opend', 'user', '0001-01-01 00:00:00'),
	(00000000000000000008, 'Hoa', 'hhhhh', 'hoa.com', 00000000076542345678, 'Cà Mau', '79f06f8fde333461739f220090a23cb2a79f6d714bee100d0e4b4af249294619', 0000000015, 'opend', 'user', '0001-01-01 00:00:00'),
	(00000000000000000009, 'Hòa', 'ggggg', 'hoas.com', 00000000000076548765, 'Lào Cai', 'c507a68f3093e885765257ed3f176c757aaf62bb4cbc2ef94b2e7da3406d9676', 0000000010, 'opend', 'user', '0001-01-01 00:00:00'),
	(00000000000000000010, 'Hải', 'ttttttt', 'hai.vn', 00000000000586545874, 'HCM', '1b7c5ceb41b9775317084eb1165de2096f483c43fddd70f635e0eed645d1881a', 0000000010, 'close', 'user', '0001-01-01 00:00:00'),
	(00000000000000000011, 'Hà', 'rrrrr', 'ha.com', 00000007856875687598, 'Yên Ninh', 'fe1ce1f8c675028ad574b2c5093b3bc4744e824a28e5992b6a65547203297b08', 0000000011, 'opend', 'user', '0001-01-01 00:00:00'),
	(00000000000000000012, 'Minh', 'jjjjj', 'minh.com', 00000000085658754857, 'Bình Dương', '68487dc295052aa79c530e283ce698b8c6bb1b42ff0944252e1910dbecdc5425', 0000000012, 'close', 'user', '0001-01-01 00:00:00'),
	(00000000000000000013, 'A', 'dfds', 'a.com', 00000008574235687687, 'Hải Phòng', '0ffe1abd1a08215353c233d6e009613e95eec4253832a761af28ff37ac5a150c', 0000000000, 'close', 'user', '0001-01-01 00:00:00'),
	(00000000000000000032, 'Cúc', 'root', 'cuc.vn', 00000000001236789345, 'Tp.Hồ Chí Minh', '03ac674216f3e15c761ee1a5e255f067953623c8b388b4459e13f978d7c846f4', 0000000010, 'opend', 'admin', '2024-03-11 14:48:09');

-- Dumping structure for table library.author
CREATE TABLE IF NOT EXISTS `author` (
  `Id` bigint(20) unsigned zerofill NOT NULL AUTO_INCREMENT,
  `Name` varchar(255) NOT NULL,
  `Date` datetime NOT NULL,
  `Address` text NOT NULL,
  `Phone` bigint(20) unsigned zerofill NOT NULL,
  PRIMARY KEY (`Id`)
) ENGINE=InnoDB AUTO_INCREMENT=22 DEFAULT CHARSET=utf8mb4 COLLATE=utf8mb4_general_ci;

-- Dumping data for table library.author: ~1 rows (approximately)
INSERT INTO `author` (`Id`, `Name`, `Date`, `Address`, `Phone`) VALUES
	(00000000000000000001, 'Aoyama Gosho', '2024-02-02 00:00:00', 'Hà Nội', 00000000000977256256);

-- Dumping structure for table library.authorbook
CREATE TABLE IF NOT EXISTS `authorbook` (
  `Id` bigint(20) unsigned zerofill NOT NULL AUTO_INCREMENT,
  `Author Id` bigint(20) unsigned zerofill NOT NULL,
  `Book Id` bigint(20) unsigned zerofill NOT NULL,
  PRIMARY KEY (`Id`),
  KEY `author` (`Author Id`) USING BTREE,
  KEY `book` (`Book Id`) USING BTREE,
  CONSTRAINT `author` FOREIGN KEY (`Author Id`) REFERENCES `author` (`Id`) ON DELETE NO ACTION ON UPDATE NO ACTION,
  CONSTRAINT `book` FOREIGN KEY (`Book Id`) REFERENCES `book` (`Id`) ON DELETE NO ACTION ON UPDATE NO ACTION
) ENGINE=InnoDB AUTO_INCREMENT=15 DEFAULT CHARSET=utf8mb4 COLLATE=utf8mb4_general_ci;

-- Dumping data for table library.authorbook: ~13 rows (approximately)
INSERT INTO `authorbook` (`Id`, `Author Id`, `Book Id`) VALUES
	(00000000000000000001, 00000000000000000001, 00000000000000000001),
	(00000000000000000002, 00000000000000000001, 00000000000000000002),
	(00000000000000000003, 00000000000000000001, 00000000000000000003),
	(00000000000000000004, 00000000000000000001, 00000000000000000004),
	(00000000000000000006, 00000000000000000001, 00000000000000000014),
	(00000000000000000007, 00000000000000000001, 00000000000000000015),
	(00000000000000000008, 00000000000000000001, 00000000000000000016),
	(00000000000000000009, 00000000000000000001, 00000000000000000017),
	(00000000000000000010, 00000000000000000001, 00000000000000000018),
	(00000000000000000011, 00000000000000000001, 00000000000000000019),
	(00000000000000000012, 00000000000000000001, 00000000000000000020),
	(00000000000000000013, 00000000000000000001, 00000000000000000021),
	(00000000000000000014, 00000000000000000001, 00000000000000000022);

-- Dumping structure for table library.book
CREATE TABLE IF NOT EXISTS `book` (
  `Id` bigint(20) unsigned zerofill NOT NULL AUTO_INCREMENT,
  `Title` text NOT NULL,
  `Category Id` bigint(20) unsigned zerofill NOT NULL,
  `Follow` bigint(20) unsigned zerofill NOT NULL,
  `Cost` bigint(20) unsigned zerofill NOT NULL,
  `Content` text NOT NULL,
  `Status` text NOT NULL,
  `Sale` int(10) unsigned NOT NULL DEFAULT 0,
  PRIMARY KEY (`Id`),
  KEY `category` (`Category Id`) USING BTREE,
  CONSTRAINT `category` FOREIGN KEY (`Category Id`) REFERENCES `category` (`Id`) ON DELETE NO ACTION ON UPDATE NO ACTION
) ENGINE=InnoDB AUTO_INCREMENT=23 DEFAULT CHARSET=utf8mb4 COLLATE=utf8mb4_general_ci;

-- Dumping data for table library.book: ~13 rows (approximately)
INSERT INTO `book` (`Id`, `Title`, `Category Id`, `Follow`, `Cost`, `Content`, `Status`, `Sale`) VALUES
	(00000000000000000001, 'One Picece', 00000000000000000001, 00000000000000000120, 00000000000000032000, 'Chuyến phưu lưu đầy hấp dẫn trên biển', 'Đang bán', 0),
	(00000000000000000002, 'Conan', 00000000000000000001, 00000000000000000122, 00000000000000016000, 'nice', 'Đang bán', 0),
	(00000000000000000003, 'Conan', 00000000000000000001, 00000000000000000131, 00000000000000016000, 'hay', 'Đang bán', 0),
	(00000000000000000004, 'Doremon', 00000000000000000001, 00000000000000000132, 00000000000000032000, 'ok', 'Đang bán', 0),
	(00000000000000000014, 'Attack on Titan', 00000000000000000001, 00000000000000000300, 00000000000000016000, 'Chất', 'Đang bán', 0),
	(00000000000000000015, 'Tý', 00000000000000000001, 00000000000000000001, 00000000000000012000, 'ổn', 'Đang bán', 0),
	(00000000000000000016, 'Xí Xọn', 00000000000000000001, 00000000000000000001, 00000000000000012000, 'ổn', 'Đang bán', 0),
	(00000000000000000017, 'Dế mèn', 00000000000000000001, 00000000000000000001, 00000000000000032000, 'ok', 'Đang bán', 0),
	(00000000000000000018, 'Côn Đảo', 00000000000000000001, 00000000000000000001, 00000000000000000000, 'Bức tranh huyền bí', 'Mới nhập', 0),
	(00000000000000000019, 'Sói', 00000000000000000007, 00000000000000000001, 00000000000000022000, 'Cuộc đời sói đầu đàn', 'Mới nhập', 0),
	(00000000000000000020, 'Đảo cá', 00000000000000000001, 00000000000000000001, 00000000000000012000, 'Đời sống dân chài', 'Mới nhập', 0),
	(00000000000000000021, 'Cá heo', 00000000000000000002, 00000000000000000000, 00000000000000018000, 'Cuộc đời cá heo', 'Mới nhập', 0),
	(00000000000000000022, 'Đồi thông', 00000000000000000007, 00000000000000000000, 00000000000000023000, 'Bức tranh thiên nhiên hùng vĩ', 'Mới nhập', 0);

-- Dumping structure for table library.bookstorage
CREATE TABLE IF NOT EXISTS `bookstorage` (
  `Id` bigint(20) unsigned zerofill NOT NULL AUTO_INCREMENT,
  `Book Id` bigint(20) unsigned zerofill NOT NULL,
  `Storage Id` bigint(20) unsigned zerofill NOT NULL,
  `Quantity` int(10) unsigned zerofill NOT NULL,
  `Import Time` datetime NOT NULL,
  `Image` text NOT NULL,
  `Account Import Id` bigint(20) unsigned zerofill NOT NULL,
  PRIMARY KEY (`Id`),
  KEY `book1` (`Book Id`) USING BTREE,
  KEY `storage1` (`Storage Id`) USING BTREE,
  KEY `account id` (`Account Import Id`),
  CONSTRAINT `account id` FOREIGN KEY (`Account Import Id`) REFERENCES `account` (`Card Number`) ON DELETE NO ACTION ON UPDATE NO ACTION,
  CONSTRAINT `book1` FOREIGN KEY (`Book Id`) REFERENCES `book` (`Id`) ON DELETE NO ACTION ON UPDATE NO ACTION,
  CONSTRAINT `storage1` FOREIGN KEY (`Storage Id`) REFERENCES `storage` (`Id`) ON DELETE NO ACTION ON UPDATE NO ACTION
) ENGINE=InnoDB AUTO_INCREMENT=12 DEFAULT CHARSET=utf8mb4 COLLATE=utf8mb4_general_ci;

-- Dumping data for table library.bookstorage: ~11 rows (approximately)
INSERT INTO `bookstorage` (`Id`, `Book Id`, `Storage Id`, `Quantity`, `Import Time`, `Image`, `Account Import Id`) VALUES
	(00000000000000000001, 00000000000000000001, 00000000000000000001, 0000000030, '2024-03-04 13:08:07', 'assets/image/713a5a459c93379d57cc7f24c038b153.jpg', 00000000000000000003),
	(00000000000000000002, 00000000000000000002, 00000000000000000001, 0000000034, '2024-03-05 10:08:07', 'assets/image/713a5a459c93379d57cc7f24c038b153.jpg', 00000000000000000003),
	(00000000000000000003, 00000000000000000003, 00000000000000000001, 0000000013, '2024-03-05 10:08:07', 'assets/image/713a5a459c93379d57cc7f24c038b153.jpg', 00000000000000000003),
	(00000000000000000004, 00000000000000000001, 00000000000000000002, 0000000035, '2024-03-05 10:08:07', 'assets/image/713a5a459c93379d57cc7f24c038b153.jpg', 00000000000000000003),
	(00000000000000000005, 00000000000000000003, 00000000000000000002, 0000000022, '2024-03-05 10:08:07', 'assets/image/713a5a459c93379d57cc7f24c038b153.jpg', 00000000000000000003),
	(00000000000000000006, 00000000000000000002, 00000000000000000003, 0000000023, '2024-03-05 10:08:07', 'assets/image/713a5a459c93379d57cc7f24c038b153.jpg', 00000000000000000003),
	(00000000000000000007, 00000000000000000004, 00000000000000000001, 0000000030, '2024-03-05 10:08:07', 'assets/image/713a5a459c93379d57cc7f24c038b153.jpg', 00000000000000000003),
	(00000000000000000008, 00000000000000000014, 00000000000000000001, 0000000020, '2024-03-06 15:55:49', 'assets/image/713a5a459c93379d57cc7f24c038b153.jpg', 00000000000000000003),
	(00000000000000000009, 00000000000000000015, 00000000000000000002, 0000000012, '2024-03-06 16:11:32', 'assets/image/713a5a459c93379d57cc7f24c038b153.jpg', 00000000000000000003),
	(00000000000000000010, 00000000000000000016, 00000000000000000002, 0000000012, '2024-03-06 16:12:10', 'assets/image/713a5a459c93379d57cc7f24c038b153.jpg', 00000000000000000003),
	(00000000000000000011, 00000000000000000017, 00000000000000000002, 0000000021, '2024-03-06 16:12:10', 'assets/image/713a5a459c93379d57cc7f24c038b153.jpg', 00000000000000000003);

-- Dumping structure for table library.buy
CREATE TABLE IF NOT EXISTS `buy` (
  `Id` bigint(20) unsigned zerofill NOT NULL AUTO_INCREMENT,
  `Account Id` bigint(20) unsigned zerofill NOT NULL,
  `Book Storage Id` bigint(20) unsigned zerofill NOT NULL,
  `Time` datetime NOT NULL,
  `Status` text NOT NULL,
  `Cost` bigint(20) unsigned zerofill NOT NULL,
  PRIMARY KEY (`Id`),
  KEY `account2` (`Account Id`) USING BTREE,
  KEY `book copy1` (`Book Storage Id`) USING BTREE,
  CONSTRAINT `account2` FOREIGN KEY (`Account Id`) REFERENCES `account` (`Card Number`) ON DELETE NO ACTION ON UPDATE NO ACTION,
  CONSTRAINT `book copy1` FOREIGN KEY (`Book Storage Id`) REFERENCES `bookstorage` (`Id`) ON DELETE NO ACTION ON UPDATE NO ACTION
) ENGINE=InnoDB AUTO_INCREMENT=11 DEFAULT CHARSET=utf8mb4 COLLATE=utf8mb4_general_ci;

-- Dumping data for table library.buy: ~9 rows (approximately)
INSERT INTO `buy` (`Id`, `Account Id`, `Book Storage Id`, `Time`, `Status`, `Cost`) VALUES
	(00000000000000000001, 00000000000000000011, 00000000000000000006, '2024-02-26 14:14:56', 'Thanh toán khi nhận hàng', 00000000000000016000),
	(00000000000000000002, 00000000000000000010, 00000000000000000005, '2024-02-26 14:18:38', 'Thanh toán khi nhận hàng', 00000000000000016000),
	(00000000000000000003, 00000000000000000010, 00000000000000000005, '2024-02-26 14:39:47', 'Thanh toán khi nhận hàng', 00000000000000016000),
	(00000000000000000004, 00000000000000000001, 00000000000000000001, '2024-02-26 14:47:16', 'Thanh toán khi nhận hàng', 00000000000000033600),
	(00000000000000000005, 00000000000000000001, 00000000000000000001, '2024-02-27 22:09:18', 'Thanh toán khi nhận hàng', 00000000000000055200),
	(00000000000000000007, 00000000000000000001, 00000000000000000007, '2024-03-04 16:09:33', 'Thanh toán khi nhận hàng', 00000000000000032000),
	(00000000000000000008, 00000000000000000001, 00000000000000000007, '2024-03-04 16:11:52', 'Thanh toán khi nhận hàng', 00000000000000027840),
	(00000000000000000009, 00000000000000000001, 00000000000000000007, '2024-03-05 10:15:15', 'Thanh toán khi nhận hàng', 00000000000000032000),
	(00000000000000000010, 00000000000000000001, 00000000000000000007, '2024-03-06 17:37:23', 'Thanh toán khi nhận hàng', 00000000000000032000);

-- Dumping structure for table library.cart
CREATE TABLE IF NOT EXISTS `cart` (
  `Id` bigint(20) unsigned zerofill NOT NULL AUTO_INCREMENT,
  `Book Storage Id` bigint(20) unsigned zerofill NOT NULL,
  `Account Id` bigint(20) unsigned zerofill NOT NULL,
  PRIMARY KEY (`Id`),
  KEY `account1` (`Account Id`) USING BTREE,
  KEY `book copy` (`Book Storage Id`) USING BTREE,
  CONSTRAINT `account1` FOREIGN KEY (`Account Id`) REFERENCES `account` (`Card Number`) ON DELETE NO ACTION ON UPDATE NO ACTION,
  CONSTRAINT `book copy` FOREIGN KEY (`Book Storage Id`) REFERENCES `bookstorage` (`Id`) ON DELETE NO ACTION ON UPDATE NO ACTION
) ENGINE=InnoDB AUTO_INCREMENT=27 DEFAULT CHARSET=utf8mb4 COLLATE=utf8mb4_general_ci;

-- Dumping data for table library.cart: ~22 rows (approximately)
INSERT INTO `cart` (`Id`, `Book Storage Id`, `Account Id`) VALUES
	(00000000000000000001, 00000000000000000001, 00000000000000000001),
	(00000000000000000002, 00000000000000000002, 00000000000000000001),
	(00000000000000000003, 00000000000000000003, 00000000000000000001),
	(00000000000000000004, 00000000000000000004, 00000000000000000001),
	(00000000000000000005, 00000000000000000005, 00000000000000000001),
	(00000000000000000006, 00000000000000000006, 00000000000000000001),
	(00000000000000000007, 00000000000000000001, 00000000000000000002),
	(00000000000000000008, 00000000000000000001, 00000000000000000001),
	(00000000000000000010, 00000000000000000001, 00000000000000000001),
	(00000000000000000011, 00000000000000000003, 00000000000000000001),
	(00000000000000000012, 00000000000000000003, 00000000000000000001),
	(00000000000000000013, 00000000000000000003, 00000000000000000007),
	(00000000000000000014, 00000000000000000002, 00000000000000000007),
	(00000000000000000015, 00000000000000000002, 00000000000000000009),
	(00000000000000000016, 00000000000000000003, 00000000000000000007),
	(00000000000000000017, 00000000000000000002, 00000000000000000007),
	(00000000000000000018, 00000000000000000002, 00000000000000000011),
	(00000000000000000019, 00000000000000000002, 00000000000000000011),
	(00000000000000000023, 00000000000000000005, 00000000000000000001),
	(00000000000000000024, 00000000000000000005, 00000000000000000001),
	(00000000000000000025, 00000000000000000007, 00000000000000000001),
	(00000000000000000026, 00000000000000000007, 00000000000000000001);

-- Dumping structure for table library.category
CREATE TABLE IF NOT EXISTS `category` (
  `Id` bigint(20) unsigned zerofill NOT NULL AUTO_INCREMENT,
  `Name` varchar(255) NOT NULL,
  `Sale` int(10) unsigned NOT NULL DEFAULT 0,
  PRIMARY KEY (`Id`)
) ENGINE=InnoDB AUTO_INCREMENT=14 DEFAULT CHARSET=utf8mb4 COLLATE=utf8mb4_general_ci;

-- Dumping data for table library.category: ~8 rows (approximately)
INSERT INTO `category` (`Id`, `Name`, `Sale`) VALUES
	(00000000000000000001, 'Truyện tranh', 13),
	(00000000000000000002, 'Truyện dài', 20),
	(00000000000000000003, 'Trinh Thám', 11),
	(00000000000000000004, 'Tiểu thuyết', 14),
	(00000000000000000005, 'Hành động', 17),
	(00000000000000000007, 'Truyện ngắn', 10),
	(00000000000000000008, 'Truyện kinh dị', 22),
	(00000000000000000013, 'Sảng văn', 22);

-- Dumping structure for table library.checkpay
CREATE TABLE IF NOT EXISTS `checkpay` (
  `Id` bigint(20) unsigned zerofill NOT NULL,
  `Account Id` bigint(20) unsigned zerofill NOT NULL,
  `Buy Id` bigint(20) unsigned zerofill NOT NULL,
  `Time Change` datetime NOT NULL,
  PRIMARY KEY (`Id`)
) ENGINE=InnoDB DEFAULT CHARSET=utf8mb4 COLLATE=utf8mb4_general_ci;

-- Dumping data for table library.checkpay: ~0 rows (approximately)

-- Dumping structure for table library.maincontent
CREATE TABLE IF NOT EXISTS `maincontent` (
  `Id` bigint(20) unsigned zerofill NOT NULL AUTO_INCREMENT,
  `Type` text NOT NULL,
  `Content` text NOT NULL,
  PRIMARY KEY (`Id`)
) ENGINE=InnoDB AUTO_INCREMENT=24 DEFAULT CHARSET=utf8mb4 COLLATE=utf8mb4_general_ci;

-- Dumping data for table library.maincontent: ~13 rows (approximately)
INSERT INTO `maincontent` (`Id`, `Type`, `Content`) VALUES
	(00000000000000000001, 'Khuyến mãi lớn', 'Truyện tranh giảm giá 30% toàn hệ thống'),
	(00000000000000000002, 'Đặt mua thành công', 'Đơn hàng đang được chuẩn bị.'),
	(00000000000000000003, 'Khuyến mãi lớn', 'Truyện tranh giảm giá lớn nhất năm'),
	(00000000000000000004, 'Khóa tài khoản', 'Tài khoản bạn đã bị khóa vui lòng đến hiệu sách gần nhất để kích hoạt lại tài khoản!'),
	(00000000000000000005, 'Đơn hàng đang được vận chuyển', 'Đơn hàng của bạn đang trên đường vận chuyển vui lòng kiểm tra và thanh toán khi nhận hàng'),
	(00000000000000000006, 'Thay đổi thông tin', 'Thông tin tài khoản đã đổi thành công'),
	(00000000000000000007, 'Đơn hàng bạn đặt thất bại ', 'Đơn hàng bạn đặt thất bại do hết hàng trong kho'),
	(00000000000000000011, 'Khuyến mãi cuối năm', 'Giảm giá 50%'),
	(00000000000000000013, 'Khai xuân', 'Mua một tặng một'),
	(00000000000000000014, 'May mắn cho ai', 'Tăng một phiếu may mắn khi mua sách'),
	(00000000000000000015, 'Sale truyện tranh', 'Sale 20% truyện tranh toàn hệ thống'),
	(00000000000000000022, 'Tạm ngưng', 'Tạm ngưng tháng 3 để sửa chữa'),
	(00000000000000000023, 'Nghỉ bán', 'Tạm ngưng hoạt động tháng 3');

-- Dumping structure for table library.notification
CREATE TABLE IF NOT EXISTS `notification` (
  `Id` bigint(20) unsigned zerofill NOT NULL AUTO_INCREMENT,
  `Account Id` bigint(20) unsigned zerofill NOT NULL,
  `Main Content Id` bigint(20) unsigned zerofill NOT NULL,
  `Sent` timestamp NOT NULL,
  PRIMARY KEY (`Id`),
  KEY `account` (`Account Id`) USING BTREE,
  KEY `content` (`Main Content Id`) USING BTREE,
  CONSTRAINT `account` FOREIGN KEY (`Account Id`) REFERENCES `account` (`Card Number`) ON DELETE NO ACTION ON UPDATE NO ACTION,
  CONSTRAINT `content` FOREIGN KEY (`Main Content Id`) REFERENCES `maincontent` (`Id`) ON DELETE NO ACTION ON UPDATE NO ACTION
) ENGINE=InnoDB AUTO_INCREMENT=279 DEFAULT CHARSET=utf8mb4 COLLATE=utf8mb4_general_ci;

-- Dumping data for table library.notification: ~88 rows (approximately)
INSERT INTO `notification` (`Id`, `Account Id`, `Main Content Id`, `Sent`) VALUES
	(00000000000000000001, 00000000000000000001, 00000000000000000001, '2024-02-23 07:58:31'),
	(00000000000000000002, 00000000000000000002, 00000000000000000001, '2024-02-23 07:59:04'),
	(00000000000000000003, 00000000000000000003, 00000000000000000001, '2024-02-23 07:59:16'),
	(00000000000000000004, 00000000000000000004, 00000000000000000001, '2024-02-23 07:59:27'),
	(00000000000000000005, 00000000000000000005, 00000000000000000001, '2024-02-23 07:59:42'),
	(00000000000000000006, 00000000000000000006, 00000000000000000001, '2024-02-23 07:59:55'),
	(00000000000000000007, 00000000000000000007, 00000000000000000001, '2024-02-23 08:00:06'),
	(00000000000000000008, 00000000000000000008, 00000000000000000001, '2024-02-23 08:00:16'),
	(00000000000000000009, 00000000000000000009, 00000000000000000001, '2024-02-23 08:00:24'),
	(00000000000000000010, 00000000000000000010, 00000000000000000001, '2024-02-23 08:00:33'),
	(00000000000000000011, 00000000000000000011, 00000000000000000001, '2024-02-23 08:00:44'),
	(00000000000000000012, 00000000000000000012, 00000000000000000001, '2024-02-23 08:00:55'),
	(00000000000000000143, 00000000000000000001, 00000000000000000013, '2024-02-27 07:26:22'),
	(00000000000000000144, 00000000000000000002, 00000000000000000013, '2024-02-27 07:26:22'),
	(00000000000000000145, 00000000000000000003, 00000000000000000013, '2024-02-27 07:26:22'),
	(00000000000000000146, 00000000000000000004, 00000000000000000013, '2024-02-27 07:26:22'),
	(00000000000000000147, 00000000000000000005, 00000000000000000013, '2024-02-27 07:26:22'),
	(00000000000000000148, 00000000000000000006, 00000000000000000013, '2024-02-27 07:26:22'),
	(00000000000000000149, 00000000000000000007, 00000000000000000013, '2024-02-27 07:26:22'),
	(00000000000000000150, 00000000000000000008, 00000000000000000013, '2024-02-27 07:26:22'),
	(00000000000000000151, 00000000000000000009, 00000000000000000013, '2024-02-27 07:26:22'),
	(00000000000000000152, 00000000000000000010, 00000000000000000013, '2024-02-27 07:26:22'),
	(00000000000000000153, 00000000000000000011, 00000000000000000013, '2024-02-27 07:26:22'),
	(00000000000000000154, 00000000000000000012, 00000000000000000013, '2024-02-27 07:26:22'),
	(00000000000000000155, 00000000000000000013, 00000000000000000013, '2024-02-27 07:26:22'),
	(00000000000000000156, 00000000000000000001, 00000000000000000014, '2024-02-27 07:30:00'),
	(00000000000000000157, 00000000000000000002, 00000000000000000014, '2024-02-27 07:30:00'),
	(00000000000000000158, 00000000000000000003, 00000000000000000014, '2024-02-27 07:30:00'),
	(00000000000000000159, 00000000000000000004, 00000000000000000014, '2024-02-27 07:30:00'),
	(00000000000000000160, 00000000000000000005, 00000000000000000014, '2024-02-27 07:30:00'),
	(00000000000000000161, 00000000000000000006, 00000000000000000014, '2024-02-27 07:30:00'),
	(00000000000000000162, 00000000000000000007, 00000000000000000014, '2024-02-27 07:30:00'),
	(00000000000000000163, 00000000000000000008, 00000000000000000014, '2024-02-27 07:30:00'),
	(00000000000000000164, 00000000000000000009, 00000000000000000014, '2024-02-27 07:30:00'),
	(00000000000000000165, 00000000000000000010, 00000000000000000014, '2024-02-27 07:30:00'),
	(00000000000000000166, 00000000000000000011, 00000000000000000014, '2024-02-27 07:30:00'),
	(00000000000000000167, 00000000000000000012, 00000000000000000014, '2024-02-27 07:30:00'),
	(00000000000000000168, 00000000000000000013, 00000000000000000014, '2024-02-27 07:30:00'),
	(00000000000000000169, 00000000000000000001, 00000000000000000015, '2024-02-27 07:30:53'),
	(00000000000000000170, 00000000000000000002, 00000000000000000015, '2024-02-27 07:30:53'),
	(00000000000000000171, 00000000000000000003, 00000000000000000015, '2024-02-27 07:30:53'),
	(00000000000000000172, 00000000000000000004, 00000000000000000015, '2024-02-27 07:30:53'),
	(00000000000000000173, 00000000000000000005, 00000000000000000015, '2024-02-27 07:30:53'),
	(00000000000000000174, 00000000000000000006, 00000000000000000015, '2024-02-27 07:30:53'),
	(00000000000000000175, 00000000000000000007, 00000000000000000015, '2024-02-27 07:30:53'),
	(00000000000000000176, 00000000000000000008, 00000000000000000015, '2024-02-27 07:30:53'),
	(00000000000000000177, 00000000000000000009, 00000000000000000015, '2024-02-27 07:30:53'),
	(00000000000000000178, 00000000000000000010, 00000000000000000015, '2024-02-27 07:30:53'),
	(00000000000000000179, 00000000000000000011, 00000000000000000015, '2024-02-27 07:30:53'),
	(00000000000000000180, 00000000000000000012, 00000000000000000015, '2024-02-27 07:30:53'),
	(00000000000000000181, 00000000000000000013, 00000000000000000015, '2024-02-27 07:30:53'),
	(00000000000000000182, 00000000000000000003, 00000000000000000002, '2024-02-27 14:23:31'),
	(00000000000000000183, 00000000000000000001, 00000000000000000002, '2024-02-27 15:09:18'),
	(00000000000000000184, 00000000000000000005, 00000000000000000004, '2024-02-28 01:11:35'),
	(00000000000000000185, 00000000000000000013, 00000000000000000004, '2024-02-28 01:11:35'),
	(00000000000000000186, 00000000000000000005, 00000000000000000004, '2024-02-28 07:03:11'),
	(00000000000000000187, 00000000000000000013, 00000000000000000004, '2024-02-28 07:03:11'),
	(00000000000000000188, 00000000000000000001, 00000000000000000002, '2024-03-04 09:10:04'),
	(00000000000000000189, 00000000000000000001, 00000000000000000002, '2024-03-04 09:11:52'),
	(00000000000000000201, 00000000000000000001, 00000000000000000002, '2024-03-05 03:15:16'),
	(00000000000000000251, 00000000000000000001, 00000000000000000022, '2024-03-06 10:25:11'),
	(00000000000000000252, 00000000000000000002, 00000000000000000022, '2024-03-06 10:25:11'),
	(00000000000000000253, 00000000000000000003, 00000000000000000022, '2024-03-06 10:25:11'),
	(00000000000000000254, 00000000000000000004, 00000000000000000022, '2024-03-06 10:25:11'),
	(00000000000000000255, 00000000000000000005, 00000000000000000022, '2024-03-06 10:25:11'),
	(00000000000000000256, 00000000000000000006, 00000000000000000022, '2024-03-06 10:25:11'),
	(00000000000000000257, 00000000000000000007, 00000000000000000022, '2024-03-06 10:25:11'),
	(00000000000000000258, 00000000000000000008, 00000000000000000022, '2024-03-06 10:25:11'),
	(00000000000000000259, 00000000000000000009, 00000000000000000022, '2024-03-06 10:25:11'),
	(00000000000000000260, 00000000000000000010, 00000000000000000022, '2024-03-06 10:25:11'),
	(00000000000000000261, 00000000000000000011, 00000000000000000022, '2024-03-06 10:25:11'),
	(00000000000000000262, 00000000000000000012, 00000000000000000022, '2024-03-06 10:25:11'),
	(00000000000000000263, 00000000000000000013, 00000000000000000022, '2024-03-06 10:25:11'),
	(00000000000000000264, 00000000000000000001, 00000000000000000023, '2024-03-06 10:25:56'),
	(00000000000000000265, 00000000000000000002, 00000000000000000023, '2024-03-06 10:25:56'),
	(00000000000000000266, 00000000000000000003, 00000000000000000023, '2024-03-06 10:25:56'),
	(00000000000000000267, 00000000000000000004, 00000000000000000023, '2024-03-06 10:25:56'),
	(00000000000000000268, 00000000000000000005, 00000000000000000023, '2024-03-06 10:25:56'),
	(00000000000000000269, 00000000000000000006, 00000000000000000023, '2024-03-06 10:25:56'),
	(00000000000000000270, 00000000000000000007, 00000000000000000023, '2024-03-06 10:25:56'),
	(00000000000000000271, 00000000000000000008, 00000000000000000023, '2024-03-06 10:25:56'),
	(00000000000000000272, 00000000000000000009, 00000000000000000023, '2024-03-06 10:25:56'),
	(00000000000000000273, 00000000000000000010, 00000000000000000023, '2024-03-06 10:25:56'),
	(00000000000000000274, 00000000000000000011, 00000000000000000023, '2024-03-06 10:25:56'),
	(00000000000000000275, 00000000000000000012, 00000000000000000023, '2024-03-06 10:25:56'),
	(00000000000000000276, 00000000000000000013, 00000000000000000023, '2024-03-06 10:25:56'),
	(00000000000000000277, 00000000000000000005, 00000000000000000004, '2024-03-10 09:08:14'),
	(00000000000000000278, 00000000000000000005, 00000000000000000004, '2024-03-10 09:08:36');

-- Dumping structure for table library.storage
CREATE TABLE IF NOT EXISTS `storage` (
  `Id` bigint(20) unsigned zerofill NOT NULL AUTO_INCREMENT,
  `Phone` bigint(20) unsigned zerofill NOT NULL,
  `Location` varchar(255) NOT NULL,
  `Status` varchar(255) NOT NULL,
  PRIMARY KEY (`Id`)
) ENGINE=InnoDB AUTO_INCREMENT=11 DEFAULT CHARSET=utf8mb4 COLLATE=utf8mb4_general_ci;

-- Dumping data for table library.storage: ~8 rows (approximately)
INSERT INTO `storage` (`Id`, `Phone`, `Location`, `Status`) VALUES
	(00000000000000000001, 00000000000977651111, 'Hà Nội', 'Mở cửa'),
	(00000000000000000002, 00000000000977652222, 'Cầu Giấy', 'Mở cửa'),
	(00000000000000000003, 00000000000977653333, 'Nhổn', 'Mở cửa'),
	(00000000000000000004, 00000000000977655555, 'Lào Cai', 'Đóng cửa'),
	(00000000000000000005, 00000000000977656666, 'Phú Thọ', 'Mở cửa'),
	(00000000000000000006, 00000000000977657777, 'Hải Phòng', 'Mở cửa'),
	(00000000000000000009, 00000000099999999999, 'Cà Mau', 'Mở cửa'),
	(00000000000000000010, 00000000099999999999, 'Cà Mau', 'Mở cửa');

/*!40103 SET TIME_ZONE=IFNULL(@OLD_TIME_ZONE, 'system') */;
/*!40101 SET SQL_MODE=IFNULL(@OLD_SQL_MODE, '') */;
/*!40014 SET FOREIGN_KEY_CHECKS=IFNULL(@OLD_FOREIGN_KEY_CHECKS, 1) */;
/*!40101 SET CHARACTER_SET_CLIENT=@OLD_CHARACTER_SET_CLIENT */;
/*!40111 SET SQL_NOTES=IFNULL(@OLD_SQL_NOTES, 1) */;
